{
    "5_default": {
        "deltaOut": {
            "val0": "0", "val1": "0", "val2": "0", "val3": "0",
            "val4": "0", "val5": "0", "val6": "0", "val7": "0",
            "val8": "0", "val9": "0", "val10": "0", "val11": "0",
            "val12": "0", "val13": "0", "val14": "0", "val15": "0"
        },
        "proba": {
            "val0": "0.0625", "val1": "0.0625", "val2": "0.0625", "val3": "0.0625",
            "val4": "0.0625", "val5": "0.0625", "val6": "0.0625", "val7": "0.0625",
            "val8": "0.0625", "val9": "0.0625", "val10": "0.0625", "val11": "0.0625",
            "val12": "0.0625", "val13": "0.0625", "val14": "0.0625", "val15": "0.0625"
        }
    },
    "6_default": {
        "val0": "0000",
        "val1": "0000",
        "val2": "0000",
        "val3": "0000",
        "val4": "0000",
        "val5": "1111"
    },
    "7_default": {
        "val0": "0000",
        "val1": "0000",
        "val2": "0000",
        "val3": "0000",
        "val4": "0000",
        "val5": "0000"
    },
    "10_default": {
        "val0": "0000",
        "val1": "0000",
        "val2": "0000",
        "val3": "0000"
    },
    "11_default": {
        "val0": "0000",
        "val1": "0000",
        "val2": "0000",
        "val3": "0000"
    },
    "13_left": {
        "val0": "0000",
        "val1": "0000",
        "val2": "0000"
    },
    "13_right": {
        "val0": "0000",
        "val1": "0000",
        "val2": "0000"
    }
}
  